PDB_ID,Ligand ,Catalytic_SER_#,Chain_ID,ligand_Residue_#,Ligand_chain,distance,State,notes,,,,,,,,,
1A3B,no_lig,195,H,1,H,1.601349805,TSA-bound,,,,,,,,,,
1A3E,no_lig,195,H,1,H,1.571773978,TSA-bound,,,summary,APO,GSA-bound,TSA-bound,Type II inhhibitor,Acylenzyme,Other,Total
1A4W,no_lig,195,H,373,H,3.883678336,GSA-bound,,,number,4,131,31,0,0,36,202
1AD8,no_lig,195,H,250,H,1.423674315,TSA-bound,,,,,,,,,,
1AE8,no_lig,195,H,600,H,2.804159455,GSA-bound,,,,,,,,,,
1AFE,no_lig,195,H,600,H,2.880243861,GSA-bound,,,,,,,,,,
1AHT,no_lig,195,H,63,I,20.22780668,Other,,,,,,,,,,
1AI8,no_lig,195,H,2,H,1.748783313,TSA-bound,,,,,,,,,,
1AY6,no_lig,195,H,5,H,1.595543101,TSA-bound,,,,,,,,,,
1BA8,no_lig,195,B,1,B,1.671434058,TSA-bound,,,,,,,,,,
1BCU,no_lig,195,H,280,H,3.856467992,GSA,,,,,,,,,,
1C5L,no_lig,195,H,63,I,19.57590068,Other,,,,,,,,,,
1C5N,no_lig,195,H,63,I,19.50646595,Other,,,,,,,,,,
1C5O,no_lig,195,H,63,I,19.42067083,Other,,,,,,,,,,
1D6W,no_lig,195,A,380,A,3.057092489,GSA-bound,,,,,,,,,,
1DE7,no_lig,195,H,37,A,1.390980843,TSA-bound,,,,,,,,,,
1DOJ,no_lig,195,A,401,A,1.419053725,TSA-bound,,,,,,,,,,
1G30,no_lig,195,B,1,B,3.522192779,GSA-bound,,,,,,,,,,
1G32,no_lig,195,B,1,B,3.634861319,GSA-bound,,,,,,,,,,
1G37,no_lig,195,A,900,A,1.440167548,TSA-bound,,,,,,,,,,
1GHV,no_lig,195,H,246,H,1.759168622,TSA-bound,,,,,,,,,,
1GHW,no_lig,195,H,246,H,1.211316206,TSA-bound,,,,,,,,,,
1GHX,no_lig,195,H,246,H,1.186550187,TSA-bound,,,,,,,,,,
1GHY,no_lig,195,H,246,H,2.460419735,GSA-bound,,,,,,,,,,
1GJ4,no_lig,195,H,410,H,1.13553628,TSA-bound,,,,,,,,,,
1GJ5,no_lig,195,H,410,H,1.066969855,TSA-bound,,,,,,,,,,
1HAG,no_lig,195,E,63,I,20.20752725,Other,,,,,,,,,,
1HBT,no_lig,195,H,3,I,1.470922693,TSA-bound,,,,,,,,,,
1IHS,no_lig,195,H,3,I,2.623196924,GSA-bound,,,,,,,,,,
1K21,no_lig,195,H,999,H,2.964657735,GSA-bound,,,,,,,,,,
1K22,no_lig,195,H,999,H,3.028859377,GSA-bound,,,,,,,,,,
1LHC,no_lig,195,H,400,H,1.553838534,TSA-bound,,,,,,,,,,
1MU6,no_lig,195,B,248,B,2.964143851,GSA-bound,,,,,,,,,,
1MU8,no_lig,195,B,248,B,3.03528423,GSA-bound,,,,,,,,,,
1MUE,no_lig,195,B,248,B,3.120003557,GSA-bound,,,,,,,,,,
1NM6,no_lig,195,A,247,A,2.910888459,GSA-bound,,,,,,,,,,
1NO9,no_lig,195,H,63,I,20.34553646,Other,,,,,,,,,,
1NT1,no_lig,195,A,247,A,3.059122824,GSA-bound,,,,,,,,,,
1O2G,no_lig,195,H,410,H,1.175510172,TSA-bound,,,,,,,,,,
1O5G,no_lig,195,H,393,H,1.071505647,TSA-bound,,,,,,,,,,
1OYT,no_lig,195,H,501,H,3.846201637,GSA-bound,,,,,,,,,,
1PPB,no_lig,195,H,1,H,1.415521443,TSA-bound,,,,,,,,,,
1QBV,no_lig,195,H,907,H,2.98536775,GSA-bound,,,,,,,,,,
1QJ1,no_lig,195,B,1248,B,1.254324387,TSA-bound,,,,,,,,,,
1QUR,no_lig,195,H,47,I,2.959110556,GSA-bound,,,,,,,,,,
1SB1,no_lig,195,H,1001,H,2.797376032,GSA-bound,,,,,,,,,,
1SFQ,no_lig,195,B,301,B,1.503279484,TSA-bound,,,,,,,,,,
1SHH,no_lig,195,B,301,B,1.355184284,TSA-bound,,,,,,,,,,
1SL3,no_lig,195,A,1001,A,2.929117137,GSA-bound,,,,,,,,,,
1TA6,no_lig,195,A,401,A,3.206536007,GSA-bound,,,,,,,,,,
1TOM,no_lig,195,H,1,H,3.17864029,GSA-bound,,,,,,,,,,
1UMA,no_lig,195,H,500,H,1.311626439,TSA-bound,,,,,,,,,,
1W7G,no_lig,195,H,300,H,3.878096751,GSA-bound,,,,,,,,,,
1XMN,no_lig,195,B,2,I,20.1210867,Other,,,,,,,,,,
1YPE,no_lig,195,H,5555,H,3.306036314,GSA-bound,,,,,,,,,,
1YPG,no_lig,195,H,5555,H,3.306918226,GSA-bound,,,,,,,,,,
1YPJ,no_lig,195,H,5555,H,3.451661622,GSA-bound,,,,,,,,,,
1YPK,no_lig,195,H,5555,H,2.798331877,GSA-bound,,,,,,,,,,
1YPL,no_lig,195,H,5555,H,2.798253374,GSA-bound,,,,,,,,,,
1YPM,no_lig,195,H,5555,H,3.26307033,GSA-bound,,,,,,,,,,
1Z71,no_lig,195,A,1001,A,2.933815234,GSA-bound,,,,,,,,,,
1Z8I,no_lig,195,B,301,B,1.507223087,TSA-bound,,,,,,,,,,
1Z8J,no_lig,195,B,301,B,1.672820336,TSA-bound,,,,,,,,,,
1ZRB,no_lig,195,A,1001,A,3.064143721,GSA-bound,,,,,,,,,,
2A0Q,no_lig,195,B,401,B,18.0037992,Other,,,,,,,,,,
2AFQ,no_lig,195,B,,,,APO,,,,,,,,,,
2BVS,no_lig,195,H,1246,H,3.454186408,GSA-bound,,,,,,,,,,
2BXT,no_lig,195,H,1246,H,2.907889491,GSA-bound,,,,,,,,,,
2C8W,no_lig,195,B,1249,B,2.621832379,GSA-bound,,,,,,,,,,
2CF8,no_lig,195,H,1246,H,2.523219278,GSA-bound,,,,,,,,,,
2CF9,no_lig,195,H,1247,H,3.783722674,GSA-bound,,,,,,,,,,
2CN0,no_lig,195,H,1246,H,2.401293393,GSA-bound,,,,,,,,,,
2GDE,no_lig,195,H,401,H,3.290471357,GSA-bound,,,,,,,,,,
2GP9,no_lig,195,B,,,,APO,,,,,,,,,,
2JH0,no_lig,195,D,1247,D,4.685540601,Other,,,,,,,,,,
2PGB,no_lig,195,B,600,B,18.67960804,Other,,,,,,,,,,
2PGQ,no_lig,195,B,301,B,1.540898873,TSA-bound,,,,,,,,,,
2PW8,no_lig,195,H,63,I,19.90792215,Other,,,,,,,,,,
2UUF,no_lig,195,B,63,H,20.3417337,Other,,,,,,,,,,
2UUJ,no_lig,195,B,1250,B,3.390811596,GSA-bound,,,,,,,,,,
2UUK,no_lig,195,B,2250,B,3.494979758,GSA-bound,,,,,,,,,,
2V3H,no_lig,195,H,1246,H,2.86808904,GSA-bound,,,,,,,,,,
2V3O,no_lig,195,H,1246,H,3.100813827,GSA-bound,,,,,,,,,,
2ZC9,no_lig,195,H,1501,H,3.208030095,GSA-bound,,,,,,,,,,
2ZDA,no_lig,195,H,1000,H,3.090980332,GSA-bound,,,,,,,,,,
2ZDV,no_lig,195,H,501,H,3.078783763,GSA-bound,,,,,,,,,,
2ZFF,no_lig,195,H,2001,H,2.94582864,GSA-bound,,,,,,,,,,
2ZFQ,no_lig,195,H,501,H,2.86821917,GSA-bound,,,,,,,,,,
2ZFR,no_lig,195,H,501,H,3.182344378,GSA-bound,,,,,,,,,,
2ZG0,no_lig,195,H,701,H,3.177327168,GSA-bound,,,,,,,,,,
2ZGB,no_lig,195,H,1801,H,3.337515881,GSA-bound,,,,,,,,,,
2ZGX,no_lig,195,H,1601,H,2.961514582,GSA-bound,,,,,,,,,,
2ZHF,no_lig,195,H,501,H,3.120002463,GSA-bound,,,,,,,,,,
2ZHQ,no_lig,195,H,501,H,3.150390969,GSA-bound,,,,,,,,,,
2ZI2,no_lig,195,H,801,H,3.123320875,GSA-bound,,,,,,,,,,
2ZIQ,no_lig,195,H,701,H,3.324157277,GSA-bound,,,,,,,,,,
2ZNK,no_lig,195,H,3001,H,3.093228893,GSA-bound,,,,,,,,,,
2ZO3,no_lig,195,H,2501,H,3.097008253,GSA-bound,,,,,,,,,,
3BEI,no_lig,195,B,303,B,17.10950541,Other,,,,,,,,,,
3BIV,no_lig,195,H,999,H,3.17095281,GSA-bound,,,,,,,,,,
3BV9,no_lig,195,B,405,C,9.404480753,Other,,,,,,,,,,
3C1K,no_lig,195,A,403,A,3.202255366,GSA-bound,,,,,,,,,,
3D49,no_lig,195,H,1900,H,16.79844358,Other,,,,,,,,,,
3DD2,no_lig,195,H,6,B,20.99239476,Other,,,,,,,,,,
3DHK,no_lig,195,H,1601,H,3.228708184,GSA-bound,,,,,,,,,,
3DUX,no_lig,195,H,901,H,3.025216293,GSA-bound,,,,,,,,,,
3EQ0,no_lig,195,H,901,H,3.29503906,GSA-bound,,,,,,,,,,
3F68,no_lig,195,H,901,H,2.978692885,GSA-bound,,,,,,,,,,
3JZ1,no_lig,195,B,301,B,17.75389434,Other,,,,,,,,,,
3P17,no_lig,195,H,1001,H,3.060618841,GSA-bound,,,,,,,,,,
3QTO,no_lig,195,H,1001,H,3.037628193,GSA-bound,,,,,,,,,,
3QTV,no_lig,195,H,1001,H,3.000958134,GSA-bound,,,,,,,,,,
3QWC,no_lig,195,H,2001,H,2.988722756,GSA-bound,,,,,,,,,,
3QX5,no_lig,195,H,5,H,3.352988611,GSA-bound,,,,,,,,,,
3RLW,no_lig,195,H,1,H,3.10459009,GSA-bound,,,,,,,,,,
3RLY,no_lig,195,H,1,H,2.924962385,GSA-bound,,,,,,,,,,
3RM0,no_lig,195,H,1,H,2.976691815,GSA-bound,,,,,,,,,,
3RM2,no_lig,195,H,1,H,2.988092515,GSA-bound,,,,,,,,,,
3RML,no_lig,195,H,1,H,3.281307273,GSA-bound,,,,,,,,,,
3RMM,no_lig,195,H,1,H,3.241089356,GSA-bound,,,,,,,,,,
3RMN,no_lig,195,H,1,H,3.247810077,GSA-bound,,,,,,,,,,
3RMO,no_lig,195,H,1,H,3.26770043,GSA-bound,,,,,,,,,,
3S7H,no_lig,195,B,400,B,18.35583677,Other,,,,,,,,,,
3S7K,no_lig,195,B,,,,APO,,,,,,,,,,
3SHA,no_lig,195,H,1,H,3.017989281,GSA-bound,,,,,,,,,,
3SHC,no_lig,195,H,3,H,2.952120956,GSA-bound,,,,,,,,,,
3SI3,no_lig,195,H,5,H,2.626279032,GSA-bound,,,,,,,,,,
3SI4,no_lig,195,H,1,H,2.972409056,GSA-bound,,,,,,,,,,
3SV2,no_lig,195,H,1,H,3.014030705,GSA-bound,,,,,,,,,,
3T5F,no_lig,195,H,1,H,3.18260028,GSA-bound,,,,,,,,,,
3U98,no_lig,195,H,1,H,2.901832769,GSA-bound,,,,,,,,,,
3U9A,no_lig,195,H,1,H,3.205075682,GSA-bound,,,,,,,,,,
3UTU,no_lig,195,H,901,H,2.936183673,GSA-bound,,,,,,,,,,
3UWJ,no_lig,195,H,302,H,2.95159419,GSA-bound,,,,,,,,,,
3VXE,no_lig,195,H,300,H,17.823747,Other,,,,,,,,,,
3VXF,no_lig,195,H,300,H,16.21232539,Other,,,,,,,,,,
4AX9,no_lig,195,H,1246,H,2.501004379,GSA-bound,,,,,,,,,,
4DIH,no_lig,195,H,301,H,1.376651454,TSA-bound,,,,,,,,,,
4LOY,no_lig,195,H,304,H,3.57457388,GSA-bound,,,,,,,,,,
4LXB,no_lig,195,H,304,H,2.469804445,GSA-bound,,,,,,,,,,
4LZ1,no_lig,195,H,301,L,1.409098947,TSA-bound,,,,,,,,,,
4UD9,no_lig,195,H,526,I,19.98428818,Other,,,,,,,,,,
4UDW,no_lig,195,H,1249,H,3.149464807,GSA-bound,,,,,,,,,,
4UE7,no_lig,195,H,563,I,20.02296539,Other,,,,,,,,,,
4UEH,no_lig,195,H,526,I,20.08451364,Other,,,,,,,,,,
4UFD,no_lig,195,H,1251,H,3.03521404,GSA-bound,,,,,,,,,,
4UFE,no_lig,195,H,1249,H,2.981926074,GSA-bound,,,,,,,,,,
4UFF,no_lig,195,H,1248,H,3.01333929,GSA-bound,,,,,,,,,,
4UFG,no_lig,195,H,1249,H,3.089937095,GSA-bound,,,,,,,,,,
5A2M,no_lig,195,H,1249,H,3.233455793,GSA-bound,,,,,,,,,,
5AF9,no_lig,195,H,1250,H,3.351412148,GSA-bound,,,,,,,,,,
5AFY,no_lig,195,H,563,I,20.02568759,Other,,,,,,,,,,
5AFZ,no_lig,195,H,1248,H,3.072765465,GSA-bound,,,,,,,,,,
5AHG,no_lig,195,H,563,I,20.01355423,Other,,,,,,,,,,
5JDU,no_lig,195,B,1,E,17.11141122,Other,,,,,,,,,,
5JFD,no_lig,195,H,301,H,2.785040819,GSA-bound,,,,,,,,,,
5JZY,no_lig,195,H,308,H,3.085226469,GSA-bound,,,,,,,,,,
5LCE,no_lig,195,H,301,H,3.214813577,GSA-bound,,,,,,,,,,
5LPD,no_lig,195,H,307,H,3.257360411,GSA-bound,,,,,,,,,,
5MJT,no_lig,195,H,301,H,3.239840817,GSA-bound,,,,,,,,,,
5MLS,no_lig,195,H,301,H,3.229627908,GSA-bound,,,,,,,,,,
5MM6,no_lig,195,H,311,H,3.124271288,GSA-bound,,,,,,,,,,
6EO8,no_lig,195,H,307,H,4.448511298,Other,,,,,,,,,,
6EO9,no_lig,195,H,307,H,3.805283252,GSA-bound,,,,,,,,,,
6GBW,no_lig,195,H,306,H,3.237466604,GSA-bound,,,,,,,,,,
6HSX,no_lig,195,H,309,H,2.584945411,GSA-bound,,,,,,,,,,
6I51,no_lig,195,H,563,I,19.3296597,Other,,,,,,,,,,
6PXJ,no_lig,195,H,,,,APO,,,,,,,,,,
6T3M,no_lig,195,H,302,H,2.824047687,GSA-bound,,,,,,,,,,
6T3Q,no_lig,195,H,306,H,2.603391125,GSA-bound,,,,,,,,,,
6T4A,no_lig,195,H,302,H,3.051056304,GSA-bound,,,,,,,,,,
6T52,no_lig,195,H,305,H,2.635071066,GSA-bound,,,,,,,,,,
6T53,no_lig,195,H,305,H,2.678875486,GSA-bound,,,,,,,,,,
6T54,no_lig,195,H,307,H,2.638771209,GSA-bound,,,,,,,,,,
6T55,no_lig,195,H,526,I,19.47293627,Other,,,,,,,,,,
6T56,no_lig,195,H,303,H,3.684813586,GSA-bound,,,,,,,,,,
6T57,no_lig,195,H,306,H,3.107966467,GSA-bound,,,,,,,,,,
6T89,no_lig,195,H,301,H,3.584257158,GSA-bound,,,,,,,,,,
6T8A,no_lig,195,H,301,H,1.57034926,TSA-bound,,,,,,,,,,
6TDT,no_lig,195,H,305,H,2.884791612,GSA-bound,,,,,,,,,,
6Y02,no_lig,195,H,306,H,3.172939058,GSA-bound,,,,,,,,,,
6Y9H,no_lig,195,H,3,C,2.908848016,GSA-bound,,,,,,,,,,
6YB6,no_lig,195,H,526,I,19.35266637,Other,,,,,,,,,,
6YHG,no_lig,195,H,304,H,16.89278331,Other,,,,,,,,,,
6YHJ,no_lig,195,H,305,H,2.710813464,GSA-bound,,,,,,,,,,
6YMP,no_lig,195,H,526,I,19.39146242,Other,,,,,,,,,,
6YN3,no_lig,195,H,526,I,19.42930162,Other,,,,,,,,,,
6YQV,no_lig,195,H,526,I,19.47070484,Other,,,,,,,,,,
6YSJ,no_lig,195,H,305,H,3.521510125,GSA-bound,,,,,,,,,,
6YSX,no_lig,195,H,306,H,2.90426219,GSA-bound,,,,,,,,,,
6Z8V,no_lig,195,H,301,H,1.439942353,TSA-bound,,,,,,,,,,
6Z8W,no_lig,195,H,301,H,1.433646877,TSA-bound,,,,,,,,,,
6ZGO,no_lig,195,H,306,H,3.096282204,GSA-bound,,,,,,,,,,
6ZUG,no_lig,195,H,1001,H,2.660667713,GSA-bound,,,,,,,,,,
6ZUH,no_lig,195,H,1001,H,2.740202231,GSA-bound,,,,,,,,,,
6ZUN,no_lig,195,H,1001,H,2.76537311,GSA-bound,,,,,,,,,,
6ZUU,no_lig,195,H,1001,H,2.58701423,GSA-bound,,,,,,,,,,
6ZUW,no_lig,195,H,1001,H,2.743960002,GSA-bound,,,,,,,,,,
6ZUX,no_lig,195,H,1001,H,2.717450265,GSA-bound,,,,,,,,,,
6ZV7,no_lig,195,H,302,H,2.747390286,GSA-bound,,,,,,,,,,
6ZV8,no_lig,195,H,1001,H,2.710113934,GSA-bound,,,,,,,,,,
7AC9,no_lig,195,H,526,I,19.38312721,Other,,,,,,,,,,
7ZKM,no_lig,195,H,101,A,31.78623263,Other,,,,,,,,,,